Loan_ID,Gender,Married,Education,Self_Employed,ApplicantIncome,CoapplicantIncome,LoanAmount,Property_Area,Loan_Status
LP001002,Male,No,Graduate,No,5849,0,,Urban,Y
LP001003,Male,Yes,Graduate,No,4583,1508,128,Rural,N
LP001005,Male,Yes,Graduate,Yes,3000,0,66,Urban,Y
LP001006,Male,Yes,Not Graduate,No,2583,2358,120,Urban,Y
LP001008,Male,No,Graduate,No,6000,0,141,Urban,Y
LP001011,Male,Yes,Graduate,Yes,5417,4196,267,Urban,Y
LP001013,Male,Yes,Not Graduate,No,2333,1516,95,Urban,Y
LP001014,Male,Yes,Graduate,No,3036,2504,158,Semiurban,N
LP001018,Male,Yes,Graduate,No,4006,1526,168,Urban,Y
LP001020,Male,Yes,Graduate,No,12841,10968,349,Semiurban,N
LP001024,Male,Yes,Graduate,No,3200,700,70,Urban,Y
LP001027,Male,Yes,Graduate,,2500,1840,109,Urban,Y
LP001028,Male,Yes,Graduate,No,3073,8106,200,Urban,Y
LP001029,Male,No,Graduate,No,1853,2840,114,Rural,N
LP001030,Male,Yes,Graduate,No,1299,1086,17,Urban,Y
LP001032,Male,No,Graduate,No,4950,0,125,Urban,Y
LP001034,Male,No,Not Graduate,No,3596,0,100,Urban,Y
LP001036,Female,No,Graduate,No,3510,0,76,Urban,N
LP001038,Male,Yes,Not Graduate,No,4887,0,133,Rural,N
LP001041,Male,Yes,Graduate,,2600,3500,115,Urban,Y
LP001043,Male,Yes,Not Graduate,No,7660,0,104,Urban,N
LP001046,Male,Yes,Graduate,No,5955,5625,315,Urban,Y
LP001047,Male,Yes,Not Graduate,No,2600,1911,116,Semiurban,N
LP001050,Female,Yes,Not Graduate,No,3365,1917,112,Rural,N
LP001052,Male,Yes,Graduate,,3717,2925,151,Semiurban,N
LP001066,Male,Yes,Graduate,Yes,9560,0,191,Semiurban,Y
LP001068,Male,Yes,Graduate,No,2799,2253,122,Semiurban,Y
LP001073,Male,Yes,Not Graduate,No,4226,1040,110,Urban,Y
LP001086,Male,No,Not Graduate,No,1442,0,35,Urban,N
LP001087,Female,No,Graduate,,3750,2083,120,Semiurban,Y
LP001091,Male,Yes,Graduate,,4166,3369,201,Urban,N
LP001095,Male,No,Graduate,No,3167,0,74,Urban,N
LP001097,Male,No,Graduate,Yes,4692,0,106,Rural,N
LP001098,Male,Yes,Graduate,No,3500,1667,114,Semiurban,Y
LP001100,Male,No,Graduate,No,12500,3000,320,Rural,N
LP001106,Male,Yes,Graduate,No,2275,2067,,Urban,Y
LP001109,Male,Yes,Graduate,No,1828,1330,100,Urban,N
LP001112,Female,Yes,Graduate,No,3667,1459,144,Semiurban,Y
LP001114,Male,No,Graduate,No,4166,7210,184,Urban,Y
LP001116,Male,No,Not Graduate,No,3748,1668,110,Semiurban,Y
LP001119,Male,No,Graduate,No,3600,0,80,Urban,N
LP001120,Male,No,Graduate,No,1800,1213,47,Urban,Y
LP001123,Male,Yes,Graduate,No,2400,0,75,Urban,Y
LP001131,Male,Yes,Graduate,No,3941,2336,134,Semiurban,Y
LP001136,Male,Yes,Not Graduate,Yes,4695,0,96,Urban,Y
LP001137,Female,No,Graduate,No,3410,0,88,Urban,Y
LP001138,Male,Yes,Graduate,No,5649,0,44,Urban,Y
LP001144,Male,Yes,Graduate,No,5821,0,144,Urban,Y
LP001146,Female,Yes,Graduate,No,2645,3440,120,Urban,N
LP001151,Female,No,Graduate,No,4000,2275,144,Semiurban,Y
LP001155,Female,Yes,Not Graduate,No,1928,1644,100,Semiurban,Y
LP001157,Female,No,Graduate,No,3086,0,120,Semiurban,Y
LP001164,Female,No,Graduate,No,4230,0,112,Semiurban,N
LP001179,Male,Yes,Graduate,No,4616,0,134,Urban,N
LP001186,Female,Yes,Graduate,Yes,11500,0,286,Urban,N
LP001194,Male,Yes,Graduate,No,2708,1167,97,Semiurban,Y
LP001195,Male,Yes,Graduate,No,2132,1591,96,Semiurban,Y
LP001197,Male,Yes,Graduate,No,3366,2200,135,Rural,N
LP001198,Male,Yes,Graduate,No,8080,2250,180,Urban,Y
LP001199,Male,Yes,Not Graduate,No,3357,2859,144,Urban,Y
LP001205,Male,Yes,Graduate,No,2500,3796,120,Urban,Y
LP001206,Male,Yes,Graduate,No,3029,0,99,Urban,Y
LP001207,Male,Yes,Not Graduate,Yes,2609,3449,165,Rural,N
LP001213,Male,Yes,Graduate,No,4945,0,,Rural,N
LP001222,Female,No,Graduate,No,4166,0,116,Semiurban,N
LP001225,Male,Yes,Graduate,No,5726,4595,258,Semiurban,N
LP001228,Male,No,Not Graduate,No,3200,2254,126,Urban,N
LP001233,Male,Yes,Graduate,No,10750,0,312,Urban,Y
LP001238,Male,Yes,Not Graduate,Yes,7100,0,125,Urban,Y
LP001241,Female,No,Graduate,No,4300,0,136,Semiurban,N
LP001243,Male,Yes,Graduate,No,3208,3066,172,Urban,Y
LP001245,Male,Yes,Not Graduate,Yes,1875,1875,97,Semiurban,Y
LP001248,Male,No,Graduate,No,3500,0,81,Semiurban,Y
LP001250,Male,Yes,Not Graduate,No,4755,0,95,Semiurban,N
LP001253,Male,Yes,Graduate,Yes,5266,1774,187,Semiurban,Y
LP001255,Male,No,Graduate,No,3750,0,113,Urban,N
LP001256,Male,No,Graduate,No,3750,4750,176,Urban,N
LP001259,Male,Yes,Graduate,Yes,1000,3022,110,Urban,N
LP001263,Male,Yes,Graduate,No,3167,4000,180,Semiurban,N
LP001264,Male,Yes,Not Graduate,Yes,3333,2166,130,Semiurban,Y
LP001265,Female,No,Graduate,No,3846,0,111,Semiurban,Y
LP001266,Male,Yes,Graduate,Yes,2395,0,,Semiurban,Y
LP001267,Female,Yes,Graduate,No,1378,1881,167,Urban,N
LP001273,Male,Yes,Graduate,No,6000,2250,265,Semiurban,N
LP001275,Male,Yes,Graduate,No,3988,0,50,Urban,Y
LP001279,Male,No,Graduate,No,2366,2531,136,Semiurban,Y
LP001280,Male,Yes,Not Graduate,No,3333,2000,99,Semiurban,Y
LP001282,Male,Yes,Graduate,No,2500,2118,104,Semiurban,Y
LP001289,Male,No,Graduate,No,8566,0,210,Urban,Y
LP001310,Male,Yes,Graduate,No,5695,4167,175,Semiurban,Y
LP001316,Male,Yes,Graduate,No,2958,2900,131,Semiurban,Y
LP001318,Male,Yes,Graduate,No,6250,5654,188,Semiurban,Y
LP001319,Male,Yes,Not Graduate,No,3273,1820,81,Urban,Y
LP001322,Male,No,Graduate,No,4133,0,122,Semiurban,Y
LP001325,Male,No,Not Graduate,No,3620,0,25,Semiurban,Y
LP001326,Male,No,Graduate,,6782,0,,Urban,N
LP001327,Female,Yes,Graduate,No,2484,2302,137,Semiurban,Y
LP001333,Male,Yes,Graduate,No,1977,997,50,Semiurban,Y
LP001334,Male,Yes,Not Graduate,No,4188,0,115,Semiurban,Y
LP001343,Male,Yes,Graduate,No,1759,3541,131,Semiurban,Y
LP001345,Male,Yes,Not Graduate,No,4288,3263,133,Urban,Y
LP001349,Male,No,Graduate,No,4843,3806,151,Semiurban,Y
LP001350,Male,Yes,Graduate,No,13650,0,,Urban,Y
LP001356,Male,Yes,Graduate,No,4652,3583,,Semiurban,Y
LP001357,Male,Yes,Graduate,No,3816,754,160,Urban,Y
LP001367,Male,Yes,Graduate,No,3052,1030,100,Urban,Y
LP001369,Male,Yes,Graduate,No,11417,1126,225,Urban,Y
LP001370,Male,No,Not Graduate,,7333,0,120,Rural,N
LP001379,Male,Yes,Graduate,No,3800,3600,216,Urban,N
LP001384,Male,Yes,Not Graduate,No,2071,754,94,Semiurban,Y
LP001385,Male,No,Graduate,No,5316,0,136,Urban,Y
LP001387,Female,Yes,Graduate,,2929,2333,139,Semiurban,Y
LP001391,Male,Yes,Not Graduate,No,3572,4114,152,Rural,N
LP001392,Female,No,Graduate,Yes,7451,0,,Semiurban,Y
LP001398,Male,No,Graduate,,5050,0,118,Semiurban,Y
LP001401,Male,Yes,Graduate,No,14583,0,185,Rural,Y
LP001404,Female,Yes,Graduate,No,3167,2283,154,Semiurban,Y
LP001405,Male,Yes,Graduate,No,2214,1398,85,Urban,Y
LP001421,Male,Yes,Graduate,No,5568,2142,175,Rural,N
LP001422,Female,No,Graduate,No,10408,0,259,Urban,Y
LP001426,Male,Yes,Graduate,No,5667,2667,180,Rural,Y
LP001430,Female,No,Graduate,No,4166,0,44,Semiurban,Y
LP001431,Female,No,Graduate,No,2137,8980,137,Semiurban,Y
LP001432,Male,Yes,Graduate,No,2957,0,81,Semiurban,Y
LP001439,Male,Yes,Not Graduate,No,4300,2014,194,Rural,Y
LP001443,Female,No,Graduate,No,3692,0,93,Rural,Y
LP001448,Female,Yes,Graduate,No,23803,0,370,Rural,Y
LP001449,Male,No,Graduate,No,3865,1640,,Rural,Y
LP001451,Male,Yes,Graduate,Yes,10513,3850,160,Urban,N
LP001465,Male,Yes,Graduate,No,6080,2569,182,Rural,N
LP001469,Male,No,Graduate,Yes,20166,0,650,Urban,Y
LP001473,Male,No,Graduate,No,2014,1929,74,Urban,Y
LP001478,Male,No,Graduate,No,2718,0,70,Semiurban,Y
LP001482,Male,Yes,Graduate,Yes,3459,0,25,Semiurban,Y
LP001487,Male,No,Graduate,No,4895,0,102,Semiurban,Y
LP001488,Male,Yes,Graduate,No,4000,7750,290,Semiurban,N
LP001489,Female,Yes,Graduate,No,4583,0,84,Rural,N
LP001491,Male,Yes,Graduate,Yes,3316,3500,88,Urban,Y
LP001492,Male,No,Graduate,No,14999,0,242,Semiurban,N
LP001493,Male,Yes,Not Graduate,No,4200,1430,129,Rural,N
LP001497,Male,Yes,Graduate,No,5042,2083,185,Rural,N
LP001498,Male,No,Graduate,No,5417,0,168,Urban,Y
LP001504,Male,No,Graduate,Yes,6950,0,175,Semiurban,Y
LP001507,Male,Yes,Graduate,No,2698,2034,122,Semiurban,Y
LP001508,Male,Yes,Graduate,No,11757,0,187,Urban,Y
LP001514,Female,Yes,Graduate,No,2330,4486,100,Semiurban,Y
LP001516,Female,Yes,Graduate,No,14866,0,70,Urban,Y
LP001518,Male,Yes,Graduate,No,1538,1425,30,Urban,Y
LP001519,Female,No,Graduate,No,10000,1666,225,Rural,N
LP001520,Male,Yes,Graduate,No,4860,830,125,Semiurban,Y
LP001528,Male,No,Graduate,No,6277,0,118,Rural,N
LP001529,Male,Yes,Graduate,Yes,2577,3750,152,Rural,Y
LP001531,Male,No,Graduate,No,9166,0,244,Urban,N
LP001532,Male,Yes,Not Graduate,No,2281,0,113,Rural,N
LP001535,Male,No,Graduate,No,3254,0,50,Urban,Y
LP001536,Male,Yes,Graduate,No,39999,0,600,Semiurban,Y
LP001541,Male,Yes,Graduate,No,6000,0,160,Rural,Y
LP001543,Male,Yes,Graduate,No,9538,0,187,Urban,Y
LP001546,Male,No,Graduate,,2980,2083,120,Rural,Y
LP001552,Male,Yes,Graduate,No,4583,5625,255,Semiurban,Y
LP001560,Male,Yes,Not Graduate,No,1863,1041,98,Semiurban,Y
LP001562,Male,Yes,Graduate,No,7933,0,275,Urban,N
LP001565,Male,Yes,Graduate,No,3089,1280,121,Semiurban,N
LP001570,Male,Yes,Graduate,No,4167,1447,158,Rural,Y
LP001572,Male,Yes,Graduate,No,9323,0,75,Urban,Y
LP001574,Male,Yes,Graduate,No,3707,3166,182,Rural,Y
LP001577,Female,Yes,Graduate,No,4583,0,112,Rural,N
LP001578,Male,Yes,Graduate,No,2439,3333,129,Rural,Y
LP001579,Male,No,Graduate,No,2237,0,63,Semiurban,N
LP001580,Male,Yes,Graduate,No,8000,0,200,Semiurban,Y
LP001581,Male,Yes,Not Graduate,,1820,1769,95,Rural,Y
LP001585,Female,Yes,Graduate,No,51763,0,700,Urban,Y
LP001586,Male,Yes,Not Graduate,No,3522,0,81,Rural,N
LP001594,Male,Yes,Graduate,No,5708,5625,187,Semiurban,Y
LP001603,Male,Yes,Not Graduate,Yes,4344,736,87,Semiurban,N
LP001606,Male,Yes,Graduate,No,3497,1964,116,Rural,Y
LP001608,Male,Yes,Graduate,No,2045,1619,101,Rural,Y
LP001610,Male,Yes,Graduate,No,5516,11300,495,Semiurban,N
LP001616,Male,Yes,Graduate,No,3750,0,116,Semiurban,Y
LP001630,Male,No,Not Graduate,No,2333,1451,102,Urban,N
LP001633,Male,Yes,Graduate,No,6400,7250,180,Urban,N
LP001634,Male,No,Graduate,No,1916,5063,67,Rural,N
LP001636,Male,Yes,Graduate,No,4600,0,73,Semiurban,Y
LP001637,Male,Yes,Graduate,No,33846,0,260,Semiurban,N
LP001639,Female,Yes,Graduate,No,3625,0,108,Semiurban,Y
LP001640,Male,Yes,Graduate,Yes,39147,4750,120,Semiurban,Y
LP001641,Male,Yes,Graduate,Yes,2178,0,66,Rural,N
LP001643,Male,Yes,Graduate,No,2383,2138,58,Rural,Y
LP001644,Female,Yes,Graduate,Yes,674,5296,168,Rural,Y
LP001647,Male,Yes,Graduate,No,9328,0,188,Rural,Y
LP001653,Male,No,Not Graduate,No,4885,0,48,Rural,Y
LP001656,Male,No,Graduate,No,12000,0,164,Semiurban,N
LP001657,Male,Yes,Not Graduate,No,6033,0,160,Urban,N
LP001658,Male,No,Graduate,No,3858,0,76,Semiurban,Y
LP001664,Male,No,Graduate,No,4191,0,120,Rural,Y
LP001665,Male,Yes,Graduate,No,3125,2583,170,Semiurban,N
LP001666,Male,No,Graduate,No,8333,3750,187,Rural,Y
LP001669,Female,No,Not Graduate,No,1907,2365,120,Urban,Y
LP001671,Female,Yes,Graduate,No,3416,2816,113,Semiurban,Y
LP001673,Male,No,Graduate,Yes,11000,0,83,Urban,N
LP001674,Male,Yes,Not Graduate,No,2600,2500,90,Semiurban,Y
LP001677,Male,No,Graduate,No,4923,0,166,Semiurban,Y
LP001682,Male,Yes,Not Graduate,No,3992,0,,Urban,N
LP001688,Male,Yes,Not Graduate,No,3500,1083,135,Urban,Y
LP001691,Male,Yes,Not Graduate,No,3917,0,124,Semiurban,Y
LP001692,Female,No,Not Graduate,No,4408,0,120,Semiurban,Y
LP001693,Female,No,Graduate,No,3244,0,80,Urban,Y
LP001698,Male,No,Not Graduate,No,3975,2531,55,Rural,Y
LP001699,Male,No,Graduate,No,2479,0,59,Urban,Y
LP001702,Male,No,Graduate,No,3418,0,127,Semiurban,N
LP001708,Female,No,Graduate,No,10000,0,214,Semiurban,N
LP001711,Male,Yes,Graduate,No,3430,1250,128,Semiurban,N
LP001713,Male,Yes,Graduate,Yes,7787,0,240,Urban,Y
LP001715,Male,Yes,Not Graduate,Yes,5703,0,130,Rural,Y
LP001716,Male,Yes,Graduate,No,3173,3021,137,Urban,Y
LP001720,Male,Yes,Not Graduate,No,3850,983,100,Semiurban,Y
LP001722,Male,Yes,Graduate,No,150,1800,135,Rural,N
LP001726,Male,Yes,Graduate,No,3727,1775,131,Semiurban,Y
LP001732,Male,Yes,Graduate,,5000,0,72,Semiurban,N
LP001734,Female,Yes,Graduate,No,4283,2383,127,Semiurban,Y
LP001736,Male,Yes,Graduate,No,2221,0,60,Urban,N
LP001743,Male,Yes,Graduate,No,4009,1717,116,Semiurban,Y
LP001744,Male,No,Graduate,No,2971,2791,144,Semiurban,Y
LP001749,Male,Yes,Graduate,No,7578,1010,175,Semiurban,Y
LP001750,Male,Yes,Graduate,No,6250,0,128,Semiurban,Y
LP001751,Male,Yes,Graduate,No,3250,0,170,Rural,N
LP001754,Male,Yes,Not Graduate,Yes,4735,0,138,Urban,N
LP001758,Male,Yes,Graduate,No,6250,1695,210,Semiurban,Y
LP001760,Male,Yes,Graduate,No,4758,0,158,Semiurban,Y
LP001761,Male,No,Graduate,Yes,6400,0,200,Rural,Y
LP001765,Male,Yes,Graduate,No,2491,2054,104,Semiurban,Y
LP001768,Male,Yes,Graduate,,3716,0,42,Rural,Y
LP001770,Male,No,Not Graduate,No,3189,2598,120,Rural,Y
LP001776,Female,No,Graduate,No,8333,0,280,Semiurban,Y
LP001778,Male,Yes,Graduate,No,3155,1779,140,Semiurban,Y
LP001784,Male,Yes,Graduate,No,5500,1260,170,Rural,Y
LP001786,Male,Yes,Graduate,,5746,0,255,Urban,N
LP001788,Female,No,Graduate,Yes,3463,0,122,Urban,Y
LP001790,Female,No,Graduate,No,3812,0,112,Rural,Y
LP001792,Male,Yes,Graduate,No,3315,0,96,Semiurban,Y
LP001798,Male,Yes,Graduate,No,5819,5000,120,Rural,Y
LP001800,Male,Yes,Not Graduate,No,2510,1983,140,Urban,N
LP001806,Male,No,Graduate,No,2965,5701,155,Urban,Y
LP001807,Male,Yes,Graduate,Yes,6250,1300,108,Rural,Y
LP001811,Male,Yes,Not Graduate,No,3406,4417,123,Semiurban,Y
LP001813,Male,No,Graduate,Yes,6050,4333,120,Urban,N
LP001814,Male,Yes,Graduate,No,9703,0,112,Urban,Y
LP001819,Male,Yes,Not Graduate,No,6608,0,137,Urban,Y
LP001824,Male,Yes,Graduate,No,2882,1843,123,Semiurban,Y
LP001825,Male,Yes,Graduate,No,1809,1868,90,Urban,Y
LP001835,Male,Yes,Not Graduate,No,1668,3890,201,Semiurban,N
LP001836,Female,No,Graduate,No,3427,0,138,Urban,N
LP001841,Male,No,Not Graduate,Yes,2583,2167,104,Rural,Y
LP001843,Male,Yes,Not Graduate,No,2661,7101,279,Semiurban,Y
LP001844,Male,No,Graduate,Yes,16250,0,192,Urban,N
LP001846,Female,No,Graduate,No,3083,0,255,Rural,Y
LP001849,Male,No,Not Graduate,No,6045,0,115,Rural,N
LP001854,Male,Yes,Graduate,No,5250,0,94,Urban,N
LP001859,Male,Yes,Graduate,No,14683,2100,304,Rural,N
LP001864,Male,Yes,Not Graduate,No,4931,0,128,Semiurban,N
LP001865,Male,Yes,Graduate,No,6083,4250,330,Urban,Y
LP001868,Male,No,Graduate,No,2060,2209,134,Semiurban,Y
LP001870,Female,No,Graduate,No,3481,0,155,Semiurban,N
LP001871,Female,No,Graduate,No,7200,0,120,Rural,Y
LP001872,Male,No,Graduate,Yes,5166,0,128,Semiurban,Y
LP001875,Male,No,Graduate,No,4095,3447,151,Rural,Y
LP001877,Male,Yes,Graduate,No,4708,1387,150,Semiurban,Y
LP001882,Male,Yes,Graduate,No,4333,1811,160,Urban,Y
LP001883,Female,No,Graduate,,3418,0,135,Rural,N
LP001884,Female,No,Graduate,No,2876,1560,90,Urban,Y
LP001888,Female,No,Graduate,No,3237,0,30,Urban,Y
LP001891,Male,Yes,Graduate,No,11146,0,136,Urban,Y
LP001892,Male,No,Graduate,No,2833,1857,126,Rural,Y
LP001894,Male,Yes,Graduate,No,2620,2223,150,Semiurban,Y
LP001896,Male,Yes,Graduate,No,3900,0,90,Semiurban,Y
LP001900,Male,Yes,Graduate,No,2750,1842,115,Semiurban,Y
LP001903,Male,Yes,Graduate,No,3993,3274,207,Semiurban,Y
LP001904,Male,Yes,Graduate,No,3103,1300,80,Urban,Y
LP001907,Male,Yes,Graduate,No,14583,0,436,Semiurban,Y
LP001908,Female,Yes,Not Graduate,No,4100,0,124,Rural,Y
LP001910,Male,No,Not Graduate,Yes,4053,2426,158,Urban,N
LP001914,Male,Yes,Graduate,No,3927,800,112,Semiurban,Y
LP001915,Male,Yes,Graduate,No,2301,985.7999878,78,Urban,Y
LP001917,Female,No,Graduate,No,1811,1666,54,Urban,Y
LP001922,Male,Yes,Graduate,No,20667,0,,Rural,N
LP001924,Male,No,Graduate,No,3158,3053,89,Rural,Y
LP001925,Female,No,Graduate,Yes,2600,1717,99,Semiurban,N
LP001926,Male,Yes,Graduate,No,3704,2000,120,Rural,Y
LP001931,Female,No,Graduate,No,4124,0,115,Semiurban,Y
LP001935,Male,No,Graduate,No,9508,0,187,Rural,Y
LP001936,Male,Yes,Graduate,No,3075,2416,139,Rural,Y
LP001938,Male,Yes,Graduate,No,4400,0,127,Semiurban,N
LP001940,Male,Yes,Graduate,No,3153,1560,134,Urban,Y
LP001945,Female,No,Graduate,No,5417,0,143,Urban,N
LP001947,Male,Yes,Graduate,No,2383,3334,172,Semiurban,Y
LP001949,Male,Yes,Graduate,,4416,1250,110,Urban,Y
LP001953,Male,Yes,Graduate,No,6875,0,200,Semiurban,Y
LP001954,Female,Yes,Graduate,No,4666,0,135,Urban,Y
LP001955,Female,No,Graduate,No,5000,2541,151,Rural,N
LP001963,Male,Yes,Graduate,No,2014,2925,113,Urban,N
LP001964,Male,Yes,Not Graduate,No,1800,2934,93,Urban,N
LP001972,Male,Yes,Not Graduate,No,2875,1750,105,Semiurban,Y
LP001974,Female,No,Graduate,No,5000,0,132,Rural,Y
LP001977,Male,Yes,Graduate,No,1625,1803,96,Urban,Y
LP001978,Male,No,Graduate,No,4000,2500,140,Rural,Y
LP001990,Male,No,Not Graduate,No,2000,0,,Urban,N
LP001993,Female,No,Graduate,No,3762,1666,135,Rural,Y
LP001994,Female,No,Graduate,No,2400,1863,104,Urban,N
LP001996,Male,No,Graduate,No,20233,0,480,Rural,N
LP001998,Male,Yes,Not Graduate,No,7667,0,185,Rural,Y
LP002002,Female,No,Graduate,No,2917,0,84,Semiurban,Y
LP002004,Male,No,Not Graduate,No,2927,2405,111,Semiurban,Y
LP002006,Female,No,Graduate,No,2507,0,56,Rural,Y
LP002008,Male,Yes,Graduate,Yes,5746,0,144,Rural,Y
LP002024,Female,Yes,Graduate,No,2473,1843,159,Rural,N
LP002031,Male,Yes,Not Graduate,No,3399,1640,111,Urban,Y
LP002035,Male,Yes,Graduate,No,3717,0,120,Semiurban,Y
LP002036,Male,Yes,Graduate,No,2058,2134,88,Urban,Y
LP002043,Female,No,Graduate,No,3541,0,112,Semiurban,Y
LP002050,Male,Yes,Graduate,Yes,10000,0,155,Rural,N
LP002051,Male,Yes,Graduate,No,2400,2167,115,Semiurban,Y
LP002053,Male,Yes,Graduate,No,4342,189,124,Semiurban,Y
LP002054,Male,Yes,Not Graduate,No,3601,1590,,Rural,Y
LP002055,Female,No,Graduate,No,3166,2985,132,Rural,Y
LP002065,Male,Yes,Graduate,No,15000,0,300,Rural,Y
LP002067,Male,Yes,Graduate,Yes,8666,4983,376,Rural,N
LP002068,Male,No,Graduate,No,4917,0,130,Rural,Y
LP002082,Male,Yes,Graduate,Yes,5818,2160,184,Semiurban,Y
LP002086,Female,Yes,Graduate,No,4333,2451,110,Urban,N
LP002087,Female,No,Graduate,No,2500,0,67,Urban,Y
LP002097,Male,No,Graduate,No,4384,1793,117,Urban,Y
LP002098,Male,No,Graduate,No,2935,0,98,Semiurban,Y
LP002100,Male,No,Graduate,No,2833,0,71,Urban,Y
LP002101,Male,Yes,Graduate,,63337,0,490,Urban,Y
LP002103,Female,Yes,Graduate,Yes,9833,1833,182,Urban,Y
LP002106,Male,Yes,Graduate,Yes,5503,4490,70,Semiurban,Y
LP002110,Male,Yes,Graduate,,5250,688,160,Rural,Y
LP002112,Male,Yes,Graduate,Yes,2500,4600,176,Rural,Y
LP002113,Female,No,Not Graduate,No,1830,0,,Urban,N
LP002114,Female,No,Graduate,No,4160,0,71,Semiurban,Y
LP002115,Male,Yes,Not Graduate,No,2647,1587,173,Rural,N
LP002116,Female,No,Graduate,No,2378,0,46,Rural,N
LP002119,Male,Yes,Not Graduate,No,4554,1229,158,Urban,Y
LP002126,Male,Yes,Not Graduate,No,3173,0,74,Semiurban,Y
LP002128,Male,Yes,Graduate,,2583,2330,125,Rural,Y
LP002129,Male,Yes,Graduate,No,2499,2458,160,Semiurban,Y
LP002130,Male,Yes,Not Graduate,No,3523,3230,152,Rural,N
LP002131,Male,Yes,Not Graduate,No,3083,2168,126,Urban,Y
LP002137,Male,Yes,Graduate,No,6333,4583,259,Semiurban,Y
LP002138,Male,Yes,Graduate,No,2625,6250,187,Rural,Y
LP002139,Male,Yes,Graduate,No,9083,0,228,Semiurban,Y
LP002140,Male,No,Graduate,No,8750,4167,308,Rural,N
LP002141,Male,Yes,Graduate,No,2666,2083,95,Rural,Y
LP002142,Female,Yes,Graduate,Yes,5500,0,105,Rural,N
LP002143,Female,Yes,Graduate,No,2423,505,130,Semiurban,Y
LP002144,Female,No,Graduate,No,3813,0,116,Urban,Y
LP002149,Male,Yes,Graduate,No,8333,3167,165,Rural,Y
LP002151,Male,Yes,Graduate,No,3875,0,67,Urban,N
LP002158,Male,Yes,Not Graduate,No,3000,1666,100,Urban,N
LP002160,Male,Yes,Graduate,No,5167,3167,200,Semiurban,Y
LP002161,Female,No,Graduate,No,4723,0,81,Semiurban,N
LP002170,Male,Yes,Graduate,No,5000,3667,236,Semiurban,Y
LP002175,Male,Yes,Graduate,No,4750,2333,130,Urban,Y
LP002178,Male,Yes,Graduate,No,3013,3033,95,Urban,Y
LP002180,Male,No,Graduate,Yes,6822,0,141,Rural,Y
LP002181,Male,No,Not Graduate,No,6216,0,133,Rural,N
LP002187,Male,No,Graduate,No,2500,0,96,Semiurban,N
LP002188,Male,No,Graduate,No,5124,0,124,Rural,N
LP002190,Male,Yes,Graduate,No,6325,0,175,Semiurban,Y
LP002191,Male,Yes,Graduate,No,19730,5266,570,Rural,N
LP002194,Female,No,Graduate,Yes,15759,0,55,Semiurban,Y
LP002197,Male,Yes,Graduate,No,5185,0,155,Semiurban,Y
LP002201,Male,Yes,Graduate,Yes,9323,7873,380,Rural,Y
LP002205,Male,No,Graduate,No,3062,1987,111,Urban,N
LP002209,Female,No,Graduate,,2764,1459,110,Urban,Y
LP002211,Male,Yes,Graduate,No,4817,923,120,Urban,Y
LP002219,Male,Yes,Graduate,No,8750,4996,130,Rural,Y
LP002223,Male,Yes,Graduate,No,4310,0,130,Semiurban,Y
LP002224,Male,No,Graduate,No,3069,0,71,Urban,N
LP002225,Male,Yes,Graduate,No,5391,0,130,Urban,Y
LP002226,Male,Yes,Graduate,,3333,2500,128,Semiurban,Y
LP002229,Male,No,Graduate,No,5941,4232,296,Semiurban,Y
LP002231,Female,No,Graduate,No,6000,0,156,Urban,Y
LP002234,Male,No,Graduate,Yes,7167,0,128,Urban,Y
LP002236,Male,Yes,Graduate,No,4566,0,100,Urban,N
LP002237,Male,No,Graduate,,3667,0,113,Urban,Y
LP002239,Male,No,Not Graduate,No,2346,1600,132,Semiurban,Y
LP002243,Male,Yes,Not Graduate,No,3010,3136,,Urban,N
LP002244,Male,Yes,Graduate,No,2333,2417,136,Urban,Y
LP002250,Male,Yes,Graduate,No,5488,0,125,Rural,Y
LP002255,Male,No,Graduate,No,9167,0,185,Rural,Y
LP002262,Male,Yes,Graduate,No,9504,0,275,Rural,Y
LP002263,Male,Yes,Graduate,No,2583,2115,120,Urban,Y
LP002265,Male,Yes,Not Graduate,No,1993,1625,113,Semiurban,Y
LP002266,Male,Yes,Graduate,No,3100,1400,113,Urban,Y
LP002272,Male,Yes,Graduate,No,3276,484,135,Semiurban,Y
LP002277,Female,No,Graduate,No,3180,0,71,Urban,N
LP002281,Male,Yes,Graduate,No,3033,1459,95,Urban,Y
LP002284,Male,No,Not Graduate,No,3902,1666,109,Rural,Y
LP002287,Female,No,Graduate,No,1500,1800,103,Semiurban,N
LP002288,Male,Yes,Not Graduate,No,2889,0,45,Urban,N
LP002296,Male,No,Not Graduate,No,2755,0,65,Rural,N
LP002297,Male,No,Graduate,No,2500,20000,103,Semiurban,Y
LP002300,Female,No,Not Graduate,No,1963,0,53,Semiurban,Y
LP002301,Female,No,Graduate,Yes,7441,0,194,Rural,N
LP002305,Female,No,Graduate,No,4547,0,115,Semiurban,Y
LP002308,Male,Yes,Not Graduate,No,2167,2400,115,Urban,Y
LP002314,Female,No,Not Graduate,No,2213,0,66,Rural,Y
LP002315,Male,Yes,Graduate,No,8300,0,152,Semiurban,N
LP002317,Male,Yes,Graduate,No,81000,0,360,Rural,N
LP002318,Female,No,Not Graduate,Yes,3867,0,62,Semiurban,N
LP002319,Male,Yes,Graduate,,6256,0,160,Urban,Y
LP002328,Male,Yes,Not Graduate,No,6096,0,218,Rural,N
LP002332,Male,Yes,Not Graduate,No,2253,2033,110,Rural,Y
LP002335,Female,Yes,Not Graduate,No,2149,3237,178,Semiurban,N
LP002337,Female,No,Graduate,No,2995,0,60,Urban,Y
LP002341,Female,No,Graduate,No,2600,0,160,Urban,N
LP002342,Male,Yes,Graduate,Yes,1600,20000,239,Urban,N
LP002345,Male,Yes,Graduate,No,1025,2773,112,Rural,Y
LP002347,Male,Yes,Graduate,No,3246,1417,138,Semiurban,Y
LP002348,Male,Yes,Graduate,No,5829,0,138,Rural,Y
LP002357,Female,No,Not Graduate,No,2720,0,80,Urban,N
LP002361,Male,Yes,Graduate,No,1820,1719,100,Urban,Y
LP002362,Male,Yes,Graduate,No,7250,1667,110,Urban,N
LP002364,Male,Yes,Graduate,No,14880,0,96,Semiurban,Y
LP002366,Male,Yes,Graduate,No,2666,4300,121,Rural,Y
LP002367,Female,No,Not Graduate,No,4606,0,81,Rural,N
LP002368,Male,Yes,Graduate,No,5935,0,133,Semiurban,Y
LP002369,Male,Yes,Graduate,No,2920,16.12000084,87,Rural,Y
LP002370,Male,No,Not Graduate,No,2717,0,60,Urban,Y
LP002377,Female,No,Graduate,Yes,8624,0,150,Semiurban,Y
LP002379,Male,No,Graduate,No,6500,0,105,Rural,N
LP002386,Male,No,Graduate,,12876,0,405,Semiurban,Y
LP002387,Male,Yes,Graduate,No,2425,2340,143,Semiurban,Y
LP002390,Male,No,Graduate,No,3750,0,100,Urban,Y
LP002393,Female,Yes,Graduate,No,10047,0,,Semiurban,Y
LP002398,Male,No,Graduate,No,1926,1851,50,Semiurban,Y
LP002401,Male,Yes,Graduate,No,2213,1125,,Urban,Y
LP002403,Male,No,Graduate,Yes,10416,0,187,Urban,N
LP002407,Female,Yes,Not Graduate,Yes,7142,0,138,Rural,Y
LP002408,Male,No,Graduate,No,3660,5064,187,Semiurban,Y
LP002409,Male,Yes,Graduate,No,7901,1833,180,Rural,Y
LP002418,Male,No,Not Graduate,No,4707,1993,148,Semiurban,Y
LP002422,Male,No,Graduate,No,37719,0,152,Semiurban,Y
LP002424,Male,Yes,Graduate,No,7333,8333,175,Rural,Y
LP002429,Male,Yes,Graduate,Yes,3466,1210,130,Rural,Y
LP002434,Male,Yes,Not Graduate,No,4652,0,110,Rural,Y
LP002435,Male,Yes,Graduate,,3539,1376,55,Rural,N
LP002443,Male,Yes,Graduate,No,3340,1710,150,Rural,N
LP002444,Male,No,Not Graduate,Yes,2769,1542,190,Semiurban,N
LP002446,Male,Yes,Not Graduate,No,2309,1255,125,Rural,N
LP002447,Male,Yes,Not Graduate,No,1958,1456,60,Urban,Y
LP002448,Male,Yes,Graduate,No,3948,1733,149,Rural,N
LP002449,Male,Yes,Graduate,No,2483,2466,90,Rural,Y
LP002453,Male,No,Graduate,Yes,7085,0,84,Semiurban,Y
LP002455,Male,Yes,Graduate,No,3859,0,96,Semiurban,Y
LP002459,Male,Yes,Graduate,No,4301,0,118,Urban,Y
LP002467,Male,Yes,Graduate,No,3708,2569,173,Urban,N
LP002472,Male,No,Graduate,No,4354,0,136,Rural,Y
LP002473,Male,Yes,Graduate,No,8334,0,160,Semiurban,N
LP002478,Female,Yes,Graduate,Yes,2083,4083,160,Semiurban,Y
LP002484,Male,Yes,Graduate,No,7740,0,128,Urban,Y
LP002487,Male,Yes,Graduate,No,3015,2188,153,Rural,Y
LP002489,Female,No,Not Graduate,,5191,0,132,Semiurban,Y
LP002493,Male,No,Graduate,No,4166,0,98,Semiurban,N
LP002494,Male,No,Graduate,No,6000,0,140,Rural,Y
LP002500,Male,Yes,Not Graduate,No,2947,1664,70,Urban,N
LP002501,Female,Yes,Graduate,No,16692,0,110,Semiurban,Y
LP002502,Female,Yes,Not Graduate,,210,2917,98,Semiurban,Y
LP002505,Male,Yes,Graduate,No,4333,2451,110,Urban,N
LP002515,Male,Yes,Graduate,Yes,3450,2079,162,Semiurban,Y
LP002517,Male,Yes,Not Graduate,No,2653,1500,113,Rural,N
LP002519,Male,Yes,Graduate,No,4691,0,100,Semiurban,Y
LP002522,Female,No,Graduate,Yes,2500,0,93,Urban,Y
LP002524,Male,No,Graduate,No,5532,4648,162,Rural,Y
LP002527,Male,Yes,Graduate,Yes,16525,1014,150,Rural,Y
LP002529,Male,Yes,Graduate,No,6700,1750,230,Semiurban,Y
LP002530,Female,Yes,Graduate,No,2873,1872,132,Semiurban,N
LP002531,Male,Yes,Graduate,Yes,16667,2250,86,Semiurban,Y
LP002533,Male,Yes,Graduate,No,2947,1603,,Urban,N
LP002534,Female,No,Not Graduate,No,4350,0,154,Rural,Y
LP002536,Male,Yes,Not Graduate,No,3095,0,113,Rural,Y
LP002537,Male,Yes,Graduate,No,2083,3150,128,Semiurban,Y
LP002541,Male,Yes,Graduate,No,10833,0,234,Semiurban,Y
LP002543,Male,Yes,Graduate,No,8333,0,246,Semiurban,Y
LP002544,Male,Yes,Not Graduate,No,1958,2436,131,Rural,Y
LP002545,Male,No,Graduate,No,3547,0,80,Rural,N
LP002547,Male,Yes,Graduate,No,18333,0,500,Urban,N
LP002555,Male,Yes,Graduate,Yes,4583,2083,160,Semiurban,Y
LP002556,Male,No,Graduate,No,2435,0,75,Urban,N
LP002560,Male,No,Not Graduate,No,2699,2785,96,Semiurban,Y
LP002562,Male,Yes,Not Graduate,No,5333,1131,186,Urban,Y
LP002571,Male,No,Not Graduate,No,3691,0,110,Rural,Y
LP002582,Female,No,Not Graduate,Yes,17263,0,225,Semiurban,Y
LP002585,Male,Yes,Graduate,No,3597,2157,119,Rural,N
LP002586,Female,Yes,Graduate,No,3326,913,105,Semiurban,Y
LP002587,Male,Yes,Not Graduate,No,2600,1700,107,Rural,Y
LP002588,Male,Yes,Graduate,No,4625,2857,111,Urban,Y
LP002600,Male,Yes,Graduate,Yes,2895,0,95,Semiurban,Y
LP002602,Male,No,Graduate,No,6283,4416,209,Rural,N
LP002603,Female,No,Graduate,No,645,3683,113,Rural,Y
LP002606,Female,No,Graduate,No,3159,0,100,Semiurban,Y
LP002615,Male,Yes,Graduate,No,4865,5624,208,Semiurban,Y
LP002618,Male,Yes,Not Graduate,No,4050,5302,138,Rural,N
LP002619,Male,Yes,Not Graduate,No,3814,1483,124,Semiurban,Y
LP002622,Male,Yes,Graduate,No,3510,4416,243,Rural,Y
LP002624,Male,Yes,Graduate,No,20833,6667,480,Urban,Y
LP002625,Female,No,Graduate,No,3583,0,96,Urban,N
LP002626,Male,Yes,Graduate,Yes,2479,3013,188,Urban,Y
LP002634,Female,No,Graduate,No,13262,0,40,Urban,Y
LP002637,Male,No,Not Graduate,No,3598,1287,100,Rural,N
LP002640,Male,Yes,Graduate,No,6065,2004,250,Semiurban,Y
LP002643,Male,Yes,Graduate,No,3283,2035,148,Urban,Y
LP002648,Male,Yes,Graduate,No,2130,6666,70,Semiurban,N
LP002652,Male,No,Graduate,No,5815,3666,311,Rural,N
LP002659,Male,Yes,Graduate,No,3466,3428,150,Rural,Y
LP002670,Female,Yes,Graduate,No,2031,1632,113,Semiurban,Y
LP002682,Male,Yes,Not Graduate,No,3074,1800,123,Semiurban,N
LP002683,Male,No,Graduate,No,4683,1915,185,Semiurban,N
LP002684,Female,No,Not Graduate,No,3400,0,95,Rural,N
LP002689,Male,Yes,Not Graduate,No,2192,1742,45,Semiurban,Y
LP002690,Male,No,Graduate,No,2500,0,55,Semiurban,Y
LP002692,Male,Yes,Graduate,Yes,5677,1424,100,Rural,Y
LP002693,Male,Yes,Graduate,Yes,7948,7166,480,Rural,Y
LP002697,Male,No,Graduate,No,4680,2087,,Semiurban,N
LP002699,Male,Yes,Graduate,Yes,17500,0,400,Rural,Y
LP002705,Male,Yes,Graduate,No,3775,0,110,Semiurban,Y
LP002706,Male,Yes,Not Graduate,No,5285,1430,161,Semiurban,Y
LP002714,Male,No,Not Graduate,No,2679,1302,94,Semiurban,Y
LP002716,Male,No,Not Graduate,No,6783,0,130,Semiurban,Y
LP002717,Male,Yes,Graduate,No,1025,5500,216,Rural,Y
LP002720,Male,Yes,Graduate,No,4281,0,100,Urban,Y
LP002723,Male,No,Graduate,No,3588,0,110,Rural,N
LP002729,Male,No,Graduate,No,11250,0,196,Semiurban,N
LP002731,Female,No,Not Graduate,Yes,18165,0,125,Urban,Y
LP002732,Male,No,Not Graduate,,2550,2042,126,Rural,Y
LP002734,Male,Yes,Graduate,No,6133,3906,324,Urban,Y
LP002738,Male,No,Graduate,No,3617,0,107,Semiurban,Y
LP002739,Male,Yes,Not Graduate,No,2917,536,66,Rural,N
LP002740,Male,Yes,Graduate,No,6417,0,157,Rural,Y
LP002741,Female,Yes,Graduate,No,4608,2845,140,Semiurban,Y
LP002743,Female,No,Graduate,No,2138,0,99,Semiurban,N
LP002753,Female,No,Graduate,,3652,0,95,Semiurban,Y
LP002755,Male,Yes,Not Graduate,No,2239,2524,128,Urban,Y
LP002757,Female,Yes,Not Graduate,No,3017,663,102,Semiurban,Y
LP002767,Male,Yes,Graduate,No,2768,1950,155,Rural,Y
LP002768,Male,No,Not Graduate,No,3358,0,80,Semiurban,N
LP002772,Male,No,Graduate,No,2526,1783,145,Rural,Y
LP002776,Female,No,Graduate,No,5000,0,103,Semiurban,N
LP002777,Male,Yes,Graduate,No,2785,2016,110,Rural,Y
LP002778,Male,Yes,Graduate,Yes,6633,0,,Rural,N
LP002784,Male,Yes,Not Graduate,No,2492,2375,,Rural,Y
LP002785,Male,Yes,Graduate,No,3333,3250,158,Urban,Y
LP002788,Male,Yes,Not Graduate,No,2454,2333,181,Urban,N
LP002789,Male,Yes,Graduate,No,3593,4266,132,Rural,N
LP002792,Male,Yes,Graduate,No,5468,1032,26,Semiurban,Y
LP002794,Female,No,Graduate,No,2667,1625,84,Urban,Y
LP002795,Male,Yes,Graduate,Yes,10139,0,260,Semiurban,Y
LP002798,Male,Yes,Graduate,No,3887,2669,162,Semiurban,Y
LP002804,Female,Yes,Graduate,No,4180,2306,182,Semiurban,Y
LP002807,Male,Yes,Not Graduate,No,3675,242,108,Semiurban,Y
LP002813,Female,Yes,Graduate,Yes,19484,0,600,Semiurban,Y
LP002820,Male,Yes,Graduate,No,5923,2054,211,Rural,Y
LP002821,Male,No,Not Graduate,Yes,5800,0,132,Semiurban,Y
LP002832,Male,Yes,Graduate,No,8799,0,258,Urban,N
LP002833,Male,Yes,Not Graduate,No,4467,0,120,Rural,Y
LP002836,Male,No,Graduate,No,3333,0,70,Urban,Y
LP002837,Male,Yes,Graduate,No,3400,2500,123,Rural,N
LP002840,Female,No,Graduate,No,2378,0,9,Urban,N
LP002841,Male,Yes,Graduate,No,3166,2064,104,Urban,N
LP002842,Male,Yes,Graduate,No,3417,1750,186,Urban,Y
LP002847,Male,Yes,Graduate,No,5116,1451,165,Urban,N
LP002855,Male,Yes,Graduate,No,16666,0,275,Urban,Y
LP002862,Male,Yes,Not Graduate,No,6125,1625,187,Semiurban,N
LP002863,Male,Yes,Graduate,No,6406,0,150,Semiurban,N
LP002868,Male,Yes,Graduate,No,3159,461,108,Urban,Y
LP002872,Female,Yes,Graduate,No,3087,2210,136,Semiurban,N
LP002874,Male,No,Graduate,No,3229,2739,110,Urban,Y
LP002877,Male,Yes,Graduate,No,1782,2232,107,Rural,Y
LP002888,Male,No,Graduate,,3182,2917,161,Urban,Y
LP002892,Male,Yes,Graduate,No,6540,0,205,Semiurban,Y
LP002893,Male,No,Graduate,No,1836,33837,90,Urban,N
LP002894,Female,Yes,Graduate,No,3166,0,36,Semiurban,Y
LP002898,Male,Yes,Graduate,No,1880,0,61,Rural,N
LP002911,Male,Yes,Graduate,No,2787,1917,146,Rural,N
LP002912,Male,Yes,Graduate,No,4283,3000,172,Rural,N
LP002916,Male,Yes,Graduate,No,2297,1522,104,Urban,Y
LP002917,Female,No,Not Graduate,No,2165,0,70,Semiurban,Y
LP002925,Female,No,Graduate,No,4750,0,94,Semiurban,Y
LP002926,Male,Yes,Graduate,Yes,2726,0,106,Semiurban,N
LP002928,Male,Yes,Graduate,No,3000,3416,56,Semiurban,Y
LP002931,Male,Yes,Graduate,Yes,6000,0,205,Semiurban,N
LP002933,Female,No,Graduate,Yes,9357,0,292,Semiurban,Y
LP002936,Male,Yes,Graduate,No,3859,3300,142,Rural,Y
LP002938,Male,Yes,Graduate,Yes,16120,0,260,Urban,Y
LP002940,Male,No,Not Graduate,No,3833,0,110,Rural,Y
LP002941,Male,Yes,Not Graduate,Yes,6383,1000,187,Rural,N
LP002943,Male,No,Graduate,No,2987,0,88,Semiurban,N
LP002945,Male,Yes,Graduate,Yes,9963,0,180,Rural,Y
LP002948,Male,Yes,Graduate,No,5780,0,192,Urban,Y
LP002949,Female,No,Graduate,,416,41667,350,Urban,N
LP002950,Male,Yes,Not Graduate,,2894,2792,155,Rural,Y
LP002953,Male,Yes,Graduate,No,5703,0,128,Urban,Y
LP002958,Male,No,Graduate,No,3676,4301,172,Rural,Y
LP002959,Female,Yes,Graduate,No,12000,0,496,Semiurban,Y
LP002960,Male,Yes,Not Graduate,No,2400,3800,,Urban,N
LP002961,Male,Yes,Graduate,No,3400,2500,173,Semiurban,Y
LP002964,Male,Yes,Not Graduate,No,3987,1411,157,Rural,Y
LP002974,Male,Yes,Graduate,No,3232,1950,108,Rural,Y
LP002978,Female,No,Graduate,No,2900,0,71,Rural,Y
LP002979,Male,Yes,Graduate,No,4106,0,40,Rural,Y
LP002983,Male,Yes,Graduate,No,8072,240,253,Urban,Y
LP002984,Male,Yes,Graduate,No,7583,0,187,Urban,Y
LP002990,Female,No,Graduate,Yes,4583,0,133,Semiurban,N
